ID,NAME,SHIRT_NAME,GK  0,CWP  2,CBT  3,SB  4,DMF  5,WB  6,CMF  7,SMF  8,AMF  9,WF 10,SS  11,CF  12,REGISTERED POSITION,HEIGHT,STRONG FOOT,FAVOURED SIDE,WEAK FOOT ACCURACY,WEAK FOOT FREQUENCY,ATTACK,DEFENSE,BALANCE,STAMINA,TOP SPEED,ACCELERATION,RESPONSE,AGILITY,DRIBBLE ACCURACY,DRIBBLE SPEED,SHORT PASS ACCURACY,SHORT PASS SPEED,LONG PASS ACCURACY,LONG PASS SPEED,SHOT ACCURACY,SHOT POWER,SHOT TECHNIQUE,FREE KICK ACCURACY,SWERVE,HEADING,JUMP,TECHNIQUE,AGGRESSION,MENTALITY,GOAL KEEPING,TEAM WORK,CONSISTENCY,CONDITION / FITNESS,DRIBBLING,TACTIAL DRIBBLE,POSITIONING,REACTION,PLAYMAKING,PASSING,SCORING,1-1 SCORING,POST PLAYER,LINES,MIDDLE SHOOTING,SIDE,CENTRE,PENALTIES,1-TOUCH PASS,OUTSIDE,MARKING,SLIDING,COVERING,D-LINE CONTROL,PENALTY STOPPER,1-ON-1 STOPPER,LONG THROW,INJURY TOLERANCE,DRIBBLE STYLE,FREE KICK STYLE,PK STYLE,DROP KICK STYLE,AGE,WEIGHT,NATIONALITY,SKIN COLOR,FACE TYPE,PRESET FACE NUMBER,HEAD WIDTH,NECK LENGTH,NECK WIDTH,SHOULDER HEIGHT,SHOULDER WIDTH,CHEST MEASUREMENT,WAIST CIRCUMFERENCE,ARM CIRCUMFERENCE,LEG CIRCUMFERENCE,CALF CIRCUMFERENCE,LEG LENGTH,WRISTBAND,WRISTBAND COLOR,INTERNATIONAL NUMBER,CLASSIC NUMBER,CLUB TEAM,CLUB NUMBER
4000,A. Palop,A. PALOP,1,0,0,0,0,0,0,0,0,0,0,0,0,184,R,B,4,4,30,80,79,57,66,68,86,68,44,42,41,44,57,66,44,73,41,41,37,43,82,42,65,72,85,69,5,4,0,0,0,0,0,0,0,0,0,0,0,0,0,0,0,0,0,0,0,0,0,0,0,A,1,1,1,1,33,77,Spain,1,0,1,-2,0,0,0,0,0,0,0,0,0,0,N,None,0,0,Team A,1
4001,A. Barragan,A. BARRAGAN,0,0,1,1,0,0,0,0,0,0,0,0,3,183,R,R,5,5,45,72,77,78,74,73,68,69,67,66,62,65,66,67,57,74,60,57,59,48,76,46,66,65,50,65,4,4,0,0,0,0,0,0,0,0,0,0,0,0,0,0,0,0,0,0,0,0,0,0,0,A,1,1,1,1,19,76,Spain,2,0,1,-3,2,0,1,1,1,0,0,0,-2,4,N,None,0,0,Team A,19
4002,A. Ferdinand,FERDINAND,0,0,1,1,0,0,1,0,0,0,0,0,3,178,R,R,7,6,60,78,80,82,78,78,73,75,73,74,72,68,74,73,60,77,63,61,65,73,83,72,65,70,50,74,5,5,0,0,0,0,0,0,0,0,0,0,0,0,0,0,0,0,0,0,0,0,0,0,0,A,1,1,1,1,21,78,England,3,0,1,0,0,0,1,1,0,0,0,-1,-2,2,N,None,0,0,Team A,5
4003,A. Lucarelli,LUCARELLI,0,1,1,1,0,0,0,0,0,0,0,0,3,182,L,L,5,5,68,76,80,82,72,70,83,71,67,66,71,69,72,75,52,74,55,60,65,77,81,72,60,70,50,73,5,5,0,0,0,0,0,0,0,0,0,0,0,0,0,0,0,0,0,0,1,0,0,0,0,A,1,1,1,1,29,78,Italy,1,0,1,0,0,0,0,0,0,0,0,0,0,0,N,None,0,0,Team A,13
4004,A. Mokoena,M O K O E N A,0,0,1,1,1,0,0,0,0,0,0,0,3,183,R,R,5,5,64,73,80,82,83,78,73,77,72,70,67,66,70,68,62,82,63,62,65,76,83,72,66,72,50,69,5,4,0,0,0,0,0,0,0,0,0,0,0,0,0,0,0,0,0,0,0,0,0,0,0,A,1,1,1,1,25,78,South Africa,4,0,1,-2,2,0,1,1,1,0,0,0,-2,4,N,None,0,0,Team A,26
4005,A. D'agostino,DAGOSTINO,0,0,0,0,0,0,0,1,0,0,0,0,8,173,R,R,5,5,66,56,73,81,76,72,65,72,72,75,67,66,67,72,62,72,63,61,69,65,73,73,74,64,50,65,4,5,0,0,0,0,0,0,0,0,0,0,0,0,0,0,0,0,0,0,0,0,0,0,0,A,1,1,1,1,28,72,Italy,1,0,1,-7,-1,0,-2,-2,-1,0,-1,1,0,-2,N,None,0,0,Team A,24
4006,A. Filippini,A. FILIPPINI,0,0,0,0,1,1,1,1,0,0,0,0,8,168,R,B,5,5,72,67,74,91,82,81,82,76,76,78,74,75,76,72,70,79,68,60,65,74,81,75,73,73,50,80,5,5,0,0,0,0,0,0,0,0,0,0,0,0,0,0,0,0,0,0,1,0,0,0,0,A,1,1,1,1,33,66,Italy,1,0,1,-3,-2,0,1,1,2,0,1,1,0,-1,N,None,0,0,Team A,3
4007,A. Hleb,H  L  E  B,0,0,0,0,0,0,0,1,1,0,0,0,9,185,R,B,7,7,80,50,74,83,84,92,76,93,89,95,82,78,86,85,75,84,78,73,77,68,70,85,80,76,50,74,5,5,1,0,0,0,1,1,0,0,0,0,0,0,0,0,1,1,0,0,0,0,0,0,0,A,4,1,1,1,25,74,Belarus,1,0,1,0,0,0,0,0,0,0,0,0,0,0,N,None,0,0,Team A,13
4008,Abel Buades,ABEL BUADES,0,0,0,0,1,0,1,0,0,0,0,0,5,182,R,B,5,5,69,65,80,78,71,70,69,68,69,68,70,72,69,70,69,76,65,58,54,72,71,71,69,72,50,73,5,6,0,0,0,0,0,0,0,0,0,0,0,0,0,0,0,0,0,0,0,0,0,0,0,A,1,1,1,1,29,81,Spain,1,0,1,-3,2,0,1,1,1,0,0,0,-2,4,N,None,0,0,Team A,6
4009,Adriano,A D R I A N O,0,0,0,0,0,0,0,0,0,0,0,1,12,189,L,B,5,5,91,36,97,84,86,90,81,82,86,82,70,78,68,88,86,99,89,85,84,81,86,88,92,67,50,68,4,4,1,1,0,0,0,0,1,0,1,0,1,1,0,0,0,1,0,0,0,0,0,0,0,A,2,8,1,1,24,87,Brazil,3,1,10,-3,-3,7,1,1,0,1,2,1,0,-3,B,White,0,0,Team A,10
4010,Abbruscato,ABBRUSCATO,0,0,0,0,0,0,0,0,0,0,0,1,12,181,R,R,5,5,76,36,76,83,78,82,76,75,74,77,67,68,65,66,75,76,76,63,66,74,77,76,72,67,50,72,4,5,0,0,0,0,0,0,0,0,0,0,0,0,0,0,0,0,0,0,0,0,0,0,0,A,1,1,1,1,25,79,Italy,1,0,1,-1,2,0,1,1,1,0,0,0,-2,4,N,None,0,0,Team A,19
4011,Abbiati,A B B I A T I,1,0,0,0,0,0,0,0,0,0,0,0,0,191,R,B,4,4,30,87,91,65,64,68,92,73,46,40,41,44,57,60,43,80,42,39,41,46,80,44,60,66,83,67,5,5,0,0,0,0,0,0,0,0,0,0,0,0,0,0,0,0,0,0,0,0,0,1,0,A,1,1,1,1,29,92,Italy,1,1,155,-3,-2,0,1,1,2,0,1,1,0,-1,N,None,0,0,Team A,32
4012,Aaron Brown,B  R  O  W  N,0,0,1,0,0,0,0,0,0,0,0,0,3,178,R,B,5,5,52,71,75,78,73,72,75,73,65,65,67,65,70,67,53,75,55,55,55,70,75,68,58,70,50,70,4,4,0,0,0,0,0,0,0,0,0,0,0,0,0,0,0,0,0,0,0,0,0,0,0,A,1,1,1,1,23,80,England,3,0,1,-6,2,0,1,1,1,0,0,0,-2,4,N,None,0,0,Team A,27
4013,Abardonado,ABARDONADO,0,0,1,0,1,0,0,0,0,0,0,0,3,183,R,B,4,5,46,77,81,75,70,68,72,67,65,70,69,68,69,67,53,78,55,48,46,75,78,68,55,75,50,76,5,6,0,0,0,0,0,0,0,0,0,0,0,0,0,0,0,0,1,0,0,0,0,0,0,A,1,1,1,1,28,78,France,1,0,1,0,2,0,1,1,1,0,0,0,-2,4,N,None,0,0,Team A,13
4014,Abriel,A B R I E L,0,0,0,0,0,0,0,1,0,0,0,0,8,176,R,B,5,5,73,45,70,82,80,80,71,77,76,75,70,68,72,73,65,75,66,65,71,63,73,77,75,70,50,73,5,6,0,0,0,0,0,0,0,0,0,0,0,0,0,0,0,0,0,0,0,0,0,0,0,A,1,1,1,1,27,69,France,3,0,1,0,0,0,0,0,0,0,0,0,0,0,N,None,0,0,Team A,6
4015,Abubakari,ABUBAKARI,0,0,0,0,0,0,1,0,0,0,0,0,7,175,R,B,5,5,60,63,69,82,77,75,69,74,69,68,69,68,66,67,55,76,58,55,57,65,76,69,60,64,50,64,4,4,0,0,0,0,0,0,0,0,0,0,0,0,0,0,0,0,0,0,0,0,0,0,0,A,1,1,1,1,20,69,Ghana,4,0,1,2,0,0,0,0,0,0,0,0,0,0,N,None,0,0,Team A,23
4016,Adebayor,ADEBAYOR,0,0,0,0,0,0,0,0,0,0,1,1,12,190,R,B,5,5,82,40,86,82,82,80,80,75,80,74,73,63,68,71,75,80,82,64,62,77,90,84,80,66,50,77,5,5,0,0,0,0,0,0,0,0,1,0,0,0,0,0,0,0,0,0,0,0,0,0,0,A,1,1,1,1,22,76,Togo,4,0,1,2,0,0,1,1,0,0,0,-1,-2,2,N,None,0,0,Team A,25
4017,Aduriz,A D U R I Z,0,0,0,0,0,0,0,0,0,0,1,1,11,177,R,B,5,5,78,44,80,84,83,80,76,79,74,73,74,70,70,68,78,80,77,62,65,77,77,82,78,70,50,72,5,5,0,0,0,0,0,0,0,0,0,0,0,0,0,0,0,0,0,0,0,0,0,0,0,A,1,1,1,1,25,75,Spain,1,0,1,-6,-1,0,-2,-2,-1,0,-1,1,0,-2,N,None,0,0,Team A,23
