id,SALARY
1,579
2,492
3,537
4,384
5,459
6,426
7,459
8,575
9,456
10,492
11,440
12,426
13,412
14,440
15,459
16,412
17,384
18,475
19,440
20,398
21,398
22,412
23,440
24,323
25,459
26,906
27,525
28,507
29,382
30,607
31,617
32,596
33,537
34,617
35,457
36,542
37,364
38,568
39,459
40,440
41,362
42,405
43,492
44,667
45,443
46,443
47,393
48,393
49,426
50,607
51,398
52,471
53,739
54,412
55,622
56,907
57,745
58,440
59,426
60,426
61,459
62,440
63,426
64,426
65,384
66,412
67,489
68,384
69,579
70,596
71,531
72,907
73,739
74,709
75,471
76,531
77,500
78,520
79,834
80,744
81,456
82,475
83,453
84,405
85,810
86,507
87,574
88,377
89,525
90,568
91,574
92,412
93,1196
94,510
95,739
96,681
97,882
98,503
99,714
100,553
101,866
102,1395
103,907
104,456
105,453
106,453
107,525
108,424
109,553
110,649
111,525
112,525
113,574
114,810
115,617
116,739
117,703
118,495
119,426
120,489
121,765
122,739
123,667
124,760
125,703
126,833
127,426
128,398
129,412
130,607
131,393
132,412
133,607
134,545
135,596
136,810
137,624
138,649
139,709
140,1149
141,1253
142,700
143,974
144,1641
145,1421
146,1200
147,889
148,1127
149,739
150,617
151,424
152,932
153,744
154,800
155,810
156,811
157,653
158,542
159,516
160,921
161,567
162,676
163,426
164,765
165,412
166,426
167,412
168,440
169,574
170,544
171,537
172,681
173,426
174,426
175,656
176,483
177,398
178,412
179,475
180,592
181,471
182,426
183,537
184,459
185,734
186,765
187,833
188,981
189,709
190,1017
191,1347
192,745
193,553
194,1164
195,1604
196,739
197,797
198,846
199,797
200,642
201,492
202,584
203,553
204,778
205,913
206,778
207,980
208,617
209,592
210,622
211,681
212,561
213,846
214,624
215,760
216,842
217,971
218,767
219,833
220,730
221,500
222,489
223,596
224,617
225,584
226,1531
227,703
228,588
229,774
230,435
231,471
232,642
233,560
234,506
235,607
236,648
237,856
238,475
239,667
240,632
241,574
242,353
243,846
244,537
245,537
246,475
247,426
248,510
249,599
250,404
251,579
252,349
253,475
254,505
255,349
256,412
257,472
258,440
259,384
260,393
261,426
262,412
263,596
264,492
265,393
266,393
267,405
268,384
269,412
270,405
271,404
272,426
273,432
274,393
275,393
276,459
277,907
278,557
279,489
280,323
281,667
282,579
283,714
284,596
285,642
286,492
287,778
288,466
289,321
290,492
291,440
292,432
293,667
294,505
295,412
296,596
297,905
298,516
299,449
300,980
301,1347
302,907
303,943
304,642
305,965
306,846
307,870
308,1323
309,907
310,1149
311,592
312,557
313,642
314,681
315,624
316,810
317,739
318,714
319,774
320,760
321,810
322,624
323,426
324,384
325,459
326,426
327,440
328,475
329,398
330,404
331,440
332,560
333,381
334,393
335,426
336,386
337,418
338,475
339,459
340,362
341,343
342,404
343,412
344,426
345,374
346,833
347,553
348,540
349,538
350,833
351,1127
352,833
353,723
354,745
355,1164
356,1494
357,438
358,510
359,842
360,438
361,617
362,489
363,617
364,703
365,965
366,695
367,453
368,744
369,525
370,440
371,642
372,381
373,391
374,579
375,486
376,525
377,440
378,475
379,426
380,404
381,426
382,426
383,350
384,492
385,459
386,384
387,412
388,377
389,371
390,412
391,393
392,525
393,440
394,412
395,443
396,765
397,384
398,412
399,472
400,584
401,810
402,553
403,443
404,384
405,584
406,398
407,475
408,398
409,426
410,398
411,443
412,492
413,440
414,443
415,557
416,459
417,412
418,510
419,492
420,440
421,440
422,656
423,667
424,579
425,453
426,426
427,384
428,440
429,412
430,412
431,510
432,443
433,459
434,544
435,557
436,398
437,440
438,560
439,810
440,1048
441,882
442,584
443,596
444,1274
445,947
446,723
447,1164
448,800
449,371
450,391
451,428
452,489
453,778
454,579
455,810
456,778
457,714
458,500
459,745
460,505
461,632
462,489
463,765
464,599
465,525
466,472
467,531
468,412
469,700
470,424
471,410
472,398
473,489
474,384
475,507
476,426
477,440
478,440
479,440
480,384
481,516
482,412
483,475
484,441
485,398
486,560
487,459
488,472
489,681
490,642
491,667
492,453
493,507
494,553
495,584
496,596
497,459
498,412
499,453
500,557
501,557
502,510
503,846
504,537
505,440
506,632
507,398
508,412
509,457
510,443
511,459
512,617
513,617
514,632
515,440
516,492
517,632
518,412
519,440
520,398
521,440
522,426
523,440
524,560
525,557
526,412
527,398
528,412
529,410
530,438
531,472
532,649
533,405
534,596
535,510
536,489
537,1090
538,745
539,943
540,681
541,405
542,424
543,778
544,438
545,404
546,441
547,475
548,453
549,560
550,553
551,607
552,472
553,438
554,384
555,393
556,453
557,438
558,440
559,500
560,438
561,412
562,412
563,510
564,412
565,398
566,404
567,471
568,438
569,438
570,440
571,440
572,574
573,846
574,440
575,596
576,412
577,537
578,544
579,475
580,475
581,426
582,426
583,459
584,426
585,579
586,426
587,412
588,412
589,391
590,440
591,428
592,443
593,398
594,492
595,553
596,516
597,483
598,369
599,1219
600,744
601,1421
602,889
603,405
604,1149
605,604
606,1347
607,1097
608,1046
609,1035
610,760
611,800
612,939
613,642
614,668
615,882
616,1164
617,410
618,974
619,974
620,953
621,760
622,520
623,774
624,507
625,510
626,507
627,540
628,561
629,1164
630,607
631,1031
632,700
633,574
634,384
635,492
636,471
637,466
638,553
639,440
640,574
641,607
642,507
643,592
644,520
645,489
646,560
647,653
648,510
649,584
650,739
651,567
652,520
653,632
654,553
655,778
656,410
657,323
658,557
659,574
660,420
661,415
662,432
663,510
664,420
665,438
666,632
667,438
668,584
669,453
670,667
671,642
672,667
673,540
674,745
675,774
676,917
677,596
678,392
679,714
680,676
681,537
682,553
683,459
684,584
685,500
686,332
687,778
688,778
689,567
690,596
691,624
692,456
693,443
694,472
695,596
696,596
697,642
698,456
699,456
700,1347
701,681
702,398
703,384
704,404
705,472
706,262
707,472
708,472
709,492
710,624
711,456
712,703
713,471
714,392
715,412
716,579
717,349
718,426
719,500
720,440
721,574
722,459
723,870
724,810
725,384
726,412
727,412
728,357
729,607
730,412
731,384
732,371
733,398
734,492
735,357
736,560
737,362
738,432
739,418
740,377
741,391
742,418
743,364
744,391
745,435
746,435
747,510
748,377
749,377
750,386
751,404
752,391
753,440
754,377
755,418
756,435
757,617
758,404
759,418
760,622
761,377
762,392
763,765
764,739
765,661
766,453
767,453
768,440
769,1531
770,525
771,405
772,384
773,440
774,525
775,428
776,412
777,667
778,296
779,440
780,599
781,617
782,418
783,443
784,800
785,614
786,545
787,412
788,537
789,492
790,412
791,624
792,683
793,1219
794,393
795,404
796,500
797,557
798,492
799,440
800,545
801,475
802,537
803,516
804,475
805,599
806,510
807,381
808,846
809,510
810,443
811,386
812,1199
813,745
814,575
815,544
816,475
817,398
818,426
819,426
820,398
821,412
822,398
823,384
824,412
825,459
826,426
827,459
828,426
829,459
830,632
831,381
832,426
833,516
834,384
835,607
836,553
837,495
838,765
839,590
840,412
841,381
842,440
843,475
844,398
845,553
846,590
847,870
848,592
849,557
850,553
851,332
852,405
853,459
854,492
855,426
856,412
857,424
858,714
859,632
860,440
861,574
862,574
863,426
864,459
865,377
866,510
867,426
868,440
869,412
870,296
871,412
872,537
873,642
874,405
875,440
876,398
877,404
878,432
879,418
880,377
881,381
882,404
883,377
884,745
885,440
886,432
887,412
888,391
889,440
890,371
891,426
892,404
893,398
894,466
895,412
896,510
897,398
898,384
899,540
900,440
901,810
902,510
903,510
904,456
905,456
906,457
907,596
908,384
909,412
910,384
911,520
912,440
913,381
914,475
915,525
916,440
917,475
918,412
919,516
920,676
921,405
922,384
923,426
924,426
925,426
926,475
927,596
928,398
929,459
930,676
931,510
932,440
933,418
934,391
935,412
936,426
937,510
938,377
939,398
940,426
941,432
942,440
943,418
944,607
945,965
946,489
947,453
948,507
949,632
950,540
951,553
952,596
953,540
954,676
955,489
956,412
957,766
958,472
959,428
960,489
961,507
962,369
963,525
964,667
965,642
966,525
967,537
968,374
969,405
970,432
971,440
972,664
973,412
974,386
975,374
976,391
977,510
978,374
979,386
980,459
981,362
982,432
983,426
984,377
985,404
986,410
987,350
988,374
989,362
990,553
991,540
992,520
993,492
994,525
995,617
996,525
997,471
998,540
999,596
1000,456
1001,574
1002,443
1003,540
1004,472
1005,475
1006,507
1007,510
1008,507
1009,553
1010,500
1011,560
1012,574
1013,632
1014,800
1015,870
1016,584
1017,730
1018,599
1019,734
1020,649
1021,1090
1022,882
1023,1078
1024,810
1025,453
1026,778
1027,681
1028,560
1029,507
1030,553
1031,1127
1032,457
1033,805
1034,760
1035,778
1036,960
1037,1237
1038,709
1039,1078
1040,800
1041,1200
1042,1054
1043,1164
1044,1421
1045,1164
1046,1358
1047,709
1048,650
1049,471
1050,846
1051,607
1052,842
1053,584
1054,913
1055,676
1056,1009
1057,1427
1058,718
1059,384
1060,525
1061,557
1062,472
1063,412
1064,475
1065,398
1066,475
1067,398
1068,575
1069,525
1070,457
1071,412
1072,440
1073,398
1074,384
1075,440
1076,540
1077,516
1078,384
1079,412
1080,426
1081,412
1082,440
1083,874
1084,377
1085,424
1086,440
1087,507
1088,553
1089,412
1090,475
1091,440
1092,384
1093,624
1094,371
1095,381
1096,412
1097,426
1098,384
1099,377
1100,412
1101,525
1102,412
1103,412
1104,384
1105,384
1106,489
1107,489
1108,667
1109,453
1110,426
1111,507
1112,426
1113,525
1114,703
1115,568
1116,405
1117,381
1118,440
1119,404
1120,489
1121,405
1122,417
1123,357
1124,426
1125,377
1126,648
1127,412
1128,453
1129,492
1130,681
1131,489
1132,443
1133,575
1134,632
1135,525
1136,412
1137,599
1138,649
1139,438
1140,440
1141,412
1142,438
1143,440
1144,525
1145,453
1146,384
1147,599
1148,596
1149,453
1150,412
1151,360
1152,381
1153,380
1154,440
1155,392
1156,398
1157,405
1158,453
1159,412
1160,426
1161,568
1162,443
1163,381
1164,426
1165,426
1166,392
1167,384
1168,398
1169,617
1170,412
1171,412
1172,833
1173,384
1174,456
1175,561
1176,404
1177,649
1178,574
1179,472
1180,667
1181,681
1182,778
1183,681
1184,398
1185,561
1186,412
1187,384
1188,489
1189,443
1190,426
1191,579
1192,596
1193,1127
1194,489
1195,471
1196,557
1197,475
1198,384
1199,525
1200,350
1201,364
1202,500
1203,398
1204,667
1205,879
1206,553
1207,709
1208,343
1209,412
1210,386
1211,393
1212,443
1213,323
1214,440
1215,468
1216,364
1217,398
1218,343
1219,405
1220,350
1221,350
1222,350
1223,350
1224,350
1225,350
1226,350
1227,350
1228,350
1229,350
1230,350
1231,350
1232,350
1233,350
1234,350
1235,350
1236,350
1237,350
1238,350
1239,350
1240,350
1241,350
1242,350
1243,475
1244,475
1245,398
1246,418
1247,418
1248,412
1249,440
1250,412
1251,510
1252,475
1253,357
1254,609
1255,404
1256,353
1257,364
1258,457
1259,412
1260,333
1261,374
1262,544
1263,426
1264,553
1265,404
1266,350
1267,350
1268,350
1269,350
1270,350
1271,350
1272,350
1273,350
1274,350
1275,350
1276,350
1277,350
1278,350
1279,350
1280,350
1281,350
1282,350
1283,350
1284,350
1285,350
1286,350
1287,350
1288,350
1289,584
1290,544
1291,489
1292,453
1293,557
1294,410
1295,456
1296,584
1297,440
1298,810
1299,778
1300,443
1301,475
1302,435
1303,412
1304,384
1305,617
1306,553
1307,475
1308,510
1309,574
1310,440
1311,412
1312,1196
1313,760
1314,1395
1315,1017
1316,974
1317,766
1318,952
1319,1141
1320,1497
1321,980
1322,994
1323,1200
1324,980
1325,1078
1326,833
1327,503
1328,1114
1329,1200
1330,1200
1331,936
1332,1200
1333,1219
1334,1219
1335,681
1336,907
1337,1200
1338,1090
1339,936
1340,932
1341,1347
1342,1230
1343,1568
1344,939
1345,700
1346,723
1347,1127
1348,760
1349,980
1350,1149
1351,999
1352,797
1353,860
1354,778
1355,650
1356,1083
1357,1384
1358,1274
1359,1078
1360,870
1361,1497
1362,760
1363,876
1364,1097
1365,1127
1366,858
1367,1017
1368,1323
1369,1149
1370,1114
1371,1139
1372,1044
1373,1164
1374,943
1375,1458
1376,1230
1377,1237
1378,1274
1379,1127
1380,1219
1381,1274
1382,1149
1383,833
1384,1149
1385,971
1386,1252
1387,730
1388,1097
1389,1219
1390,1046
1391,1083
1392,1568
1393,1296
1394,1531
1395,625
1396,466
1397,1463
1398,1097
1399,1219
1400,1054
1401,1114
1402,847
1403,1219
1404,846
1405,734
1406,1031
1407,1017
1408,1361
1409,1274
1410,760
1411,943
1412,760
1413,1427
1414,1200
1415,1097
1416,1230
1417,833
1418,1568
1419,870
1420,866
1421,870
1422,999
1423,965
1424,1568
1425,939
1426,1497
1427,1078
1428,1109
1429,1048
1430,952
1431,889
1432,1239
1433,745
1434,1427
1435,1230
1436,1358
1437,1274
1438,1219
1439,1329
1440,936
1441,1031
1442,1002
1443,1149
1444,907
1445,1054
1446,1149
1447,765
1448,1164
1449,1347
1450,1017
1451,907
1452,870
1453,1031
1454,818
1455,939
1456,1127
1457,1311
1458,1427
1459,1262
1460,1081
1461,907
1462,681
1463,1127
1464,1078
1465,1274
1466,1219
1467,1219
1468,1358
1469,876
1470,980
1471,1054
1472,1164
1473,617
1474,800
1475,745
1476,515
1477,432
1478,432
1479,459
1480,544
1481,495
1482,703
1483,870
1484,1164
1485,505
1486,537
1487,362
1488,449
1489,491
1490,391
1491,596
1492,596
1493,607
1494,338
1495,432
1496,778
1497,506
1498,676
1499,364
1500,676
1501,338
1502,642
1503,426
1504,592
1505,561
1506,475
1507,642
1508,412
1509,614
1510,544
1511,492
1512,483
1513,553
1514,424
1515,398
1516,592
1517,364
1518,492
1519,443
1520,622
1521,412
1522,344
1523,326
1524,364
1525,350
1526,537
1527,456
1528,360
1529,412
1530,596
1531,648
1532,456
1533,631
1534,906
1535,459
1536,596
1537,350
1538,404
1539,426
1540,667
1541,667
1542,377
1543,683
1544,412
1545,525
1546,584
1547,544
1548,590
1549,709
1550,495
1551,492
1552,810
1553,653
1554,475
1555,537
1556,489
1557,614
1558,418
1559,475
1560,579
1561,443
1562,338
1563,391
1564,377
1565,350
1566,350
1567,338
1568,557
1569,1199
1570,1219
1571,590
1572,500
1573,486
1574,1078
1575,1531
1576,523
1577,574
1578,741
1579,703
1580,744
1581,506
1582,774
1583,560
1584,443
1585,364
1586,323
1587,579
1588,457
1589,540
1590,810
1591,377
1592,590
1593,377
1594,389
1595,364
1596,350
1597,415
1598,553
1599,545
1600,492
1601,391
1602,492
1603,534
1604,718
1605,450
1606,459
1607,471
1608,495
1609,492
1610,516
1611,575
1612,440
1613,362
1614,412
1615,492
1616,456
1617,418
1618,689
1619,362
1620,350
1621,774
1622,313
1623,617
1624,810
1625,745
1626,607
1627,432
1628,553
1629,364
1630,745
1631,632
1632,724
1633,350
1634,443
1635,568
1636,579
1637,599
1638,544
1639,648
1640,617
1641,557
1642,599
1643,592
1644,457
1645,443
1646,326
1647,364
1648,579
1649,374
1650,842
1651,457
1652,429
1653,553
1654,681
1655,681
1656,350
1657,364
1658,466
1659,471
1660,415
1661,596
1662,681
1663,965
1664,870
1665,778
1666,377
1667,471
1668,350
1669,681
1670,592
1671,466
1672,500
1673,810
1674,475
1675,574
1676,579
1677,377
1678,364
1679,714
1680,350
1681,510
1682,537
1683,516
1684,404
1685,557
1686,592
1687,374
1688,714
1689,510
1690,590
1691,350
1692,350
1693,377
1694,377
1695,364
1696,377
1697,364
1698,350
1699,350
1700,622
1701,667
1702,624
1703,739
1704,804
1705,568
1706,579
1707,415
1708,420
1709,350
1710,913
1711,350
1712,538
1713,590
1714,432
1715,1048
1716,338
1717,364
1718,531
1719,412
1720,500
1721,412
1722,579
1723,579
1724,440
1725,553
1726,579
1727,590
1728,418
1729,471
1730,426
1731,592
1732,492
1733,574
1734,364
1735,364
1736,450
1737,418
1738,492
1739,500
1740,404
1741,466
1742,450
1743,450
1744,412
1745,377
1746,391
1747,391
1748,377
1749,459
1750,377
1751,418
1752,443
1753,350
1754,477
1755,377
1756,377
1757,432
1758,450
1759,428
1760,420
1761,404
1762,404
1763,435
1764,391
1765,418
1766,398
1767,364
1768,475
1769,426
1770,404
1771,432
1772,544
1773,426
1774,338
1775,418
1776,459
1777,602
1778,440
1779,333
1780,350
1781,377
1782,412
1783,420
1784,432
1785,377
1786,537
1787,567
1788,667
1789,676
1790,350
1791,866
1792,745
1793,404
1794,510
1795,443
1796,537
1797,350
1798,739
1799,398
1800,423
1801,500
1802,676
1803,724
1804,364
1805,495
1806,404
1807,846
1808,475
1809,398
1810,391
1811,404
1812,418
1813,418
1814,418
1815,313
1816,391
1817,398
1818,418
1819,391
1820,432
1821,377
1822,531
1823,338
1824,418
1825,364
1826,364
1827,500
1828,377
1829,404
1830,377
1831,412
1832,338
1833,350
1834,338
1835,424
1836,550
1837,617
1838,448
1839,500
1840,553
1841,631
1842,475
1843,739
1844,523
1845,398
1846,466
1847,510
1848,717
1849,557
1850,537
1851,510
1852,435
1853,350
1854,350
1855,617
1856,475
1857,557
1858,418
1859,432
1860,599
1861,810
1862,404
1863,391
1864,418
1865,432
1866,404
1867,377
1868,492
1869,426
1870,350
1871,492
1872,568
1873,492
1874,537
1875,398
1876,432
1877,537
1878,350
1879,435
1880,435
1881,398
1882,632
1883,364
1884,547
1885,404
1886,681
1887,557
1888,426
1889,435
1890,404
1891,377
1892,540
1893,391
1894,537
1895,486
1896,489
1897,475
1898,391
1899,846
1900,714
1901,457
1902,557
1903,384
1904,574
1905,404
1906,350
1907,268
1908,350
1909,538
1910,338
1911,440
1912,475
1913,624
1914,693
1915,384
1916,412
1917,432
1918,432
1919,432
1920,377
1921,415
1922,350
1923,642
1924,364
1925,350
1926,432
1927,377
1928,506
1929,483
1930,377
1931,377
1932,391
1933,449
1934,500
1935,513
1936,404
1937,404
1938,377
1939,568
1940,492
1941,590
1942,440
1943,443
1944,599
1945,350
1946,631
1947,575
1948,544
1949,350
1950,374
1951,350
1952,510
1953,338
1954,418
1955,362
1956,412
1957,350
1958,537
1959,398
1960,596
1961,579
1962,459
1963,475
1964,579
1965,398
1966,404
1967,752
1968,432
1969,510
1970,350
1971,656
1972,362
1973,440
1974,389
1975,459
1976,475
1977,391
1978,377
1979,350
1980,374
1981,350
1982,404
1983,350
1984,326
1985,350
1986,377
1987,432
1988,418
1989,404
1990,391
1991,483
1992,457
1993,525
1994,535
1995,418
1996,391
1997,418
1998,386
1999,450
2000,377
2001,418
2002,391
2003,377
2004,432
2005,537
2006,384
2007,404
2008,364
2009,350
2010,418
2011,377
2012,667
2013,404
2014,599
2015,466
2016,338
2017,810
2018,709
2019,588
2020,396
2021,357
2022,323
2023,275
2024,404
2025,350
2026,423
2027,374
2028,364
2029,614
2030,709
2031,584
2032,523
2033,475
2034,544
2035,432
2036,374
2037,354
2038,377
2039,391
2040,495
2041,739
2042,870
2043,544
2044,364
2045,350
2046,404
2047,364
2048,617
2049,624
2050,510
2051,667
2052,338
2053,774
2054,443
2055,364
2056,579
2057,475
2058,350
2059,404
2060,739
2061,496
2062,636
2063,495
2064,364
2065,404
2066,391
2067,362
2068,350
2069,386
2070,420
2071,350
2072,374
2073,386
2074,557
2075,404
2076,350
2077,374
2078,374
2079,350
2080,435
2081,435
2082,432
2083,350
2084,377
2085,450
2086,338
2087,432
2088,432
2089,350
2090,350
2091,410
2092,418
2093,459
2094,557
2095,450
2096,540
2097,440
2098,418
2099,338
2100,350
2101,510
2102,459
2103,412
2104,459
2105,404
2106,426
2107,350
2108,391
2109,440
2110,537
2111,374
2112,418
2113,362
2114,568
2115,459
2116,486
2117,505
2118,545
2119,459
2120,374
2121,377
2122,568
2123,391
2124,381
2125,386
2126,443
2127,404
2128,418
2129,374
2130,377
2131,739
2132,632
2133,596
2134,544
2135,774
2136,459
2137,475
2138,614
2139,420
2140,398
2141,426
2142,350
2143,510
2144,369
2145,537
2146,475
2147,338
2148,344
2149,338
2150,404
2151,579
2152,362
2153,404
2154,505
2155,398
2156,579
2157,557
2158,607
2159,507
2160,544
2161,377
2162,443
2163,384
2164,475
2165,624
2166,377
2167,377
2168,435
2169,350
2170,377
2171,391
2172,391
2173,364
2174,557
2175,590
2176,507
2177,525
2178,432
2179,614
2180,579
2181,475
2182,584
2183,544
2184,648
2185,404
2186,377
2187,534
2188,364
2189,412
2190,377
2191,486
2192,475
2193,350
2194,432
2195,475
2196,377
2197,364
2198,338
2199,412
2200,404
2201,466
2202,404
2203,393
2204,450
2205,404
2206,374
2207,450
2208,404
2209,428
2210,510
2211,412
2212,391
2213,404
2214,404
2215,391
2216,398
2217,483
2218,418
2219,450
2220,350
2221,459
2222,537
2223,510
2224,579
2225,418
2226,483
2227,426
2228,426
2229,492
2230,391
2231,435
2232,391
2233,614
2234,486
2235,443
2236,443
2237,475
2238,443
2239,475
2240,505
2241,495
2242,579
2243,377
2244,338
2245,364
2246,396
2247,377
2248,350
2249,338
2250,557
2251,364
2252,418
2253,398
2254,440
2255,412
2256,575
2257,534
2258,350
2259,557
2260,420
2261,377
2262,377
2263,377
2264,614
2265,404
2266,432
2267,338
2268,362
2269,377
2270,457
2271,350
2272,426
2273,420
2274,443
2275,450
2276,404
2277,350
2278,505
2279,435
2280,432
2281,381
2282,412
2283,326
2284,404
2285,404
2286,450
2287,374
2288,381
2289,343
2290,432
2291,405
2292,350
2293,398
2294,374
2295,428
2296,435
2297,418
2298,525
2299,418
2300,432
2301,404
2302,420
2303,466
2304,350
2305,418
2306,435
2307,579
2308,418
2309,418
2310,432
2311,377
2312,404
2313,596
2314,435
2315,432
2316,466
2317,432
2318,760
2319,537
2320,336
2321,457
2322,443
2323,343
2324,557
2325,386
2326,418
2327,495
2328,391
2329,377
2330,386
2331,404
2332,391
2333,377
2334,404
2335,377
2336,420
2337,432
2338,404
2339,404
2340,432
2341,404
2342,418
2343,527
2344,377
2345,391
2346,579
2347,364
2348,534
2349,377
2350,718
2351,432
2352,544
2353,432
2354,377
2355,649
2356,404
2357,974
2358,384
2359,544
2360,377
2361,418
2362,466
2363,420
2364,426
2365,810
2366,420
2367,624
2368,420
2369,377
2370,338
2371,483
2372,374
2373,377
2374,432
2375,391
2376,377
2377,739
2378,420
2379,459
2380,418
2381,432
2382,374
2383,386
2384,432
2385,537
2386,404
2387,466
2388,579
2389,432
2390,450
2391,398
2392,364
2393,404
2394,624
2395,404
2396,374
2397,500
2398,350
2399,459
2400,544
2401,510
2402,426
2403,560
2404,424
2405,607
2406,557
2407,492
2408,412
2409,492
2410,418
2411,506
2412,391
2413,412
2414,384
2415,426
2416,418
2417,374
2418,404
2419,624
2420,510
2421,338
2422,374
2423,313
2424,418
2425,268
2426,404
2427,333
2428,362
2429,418
2430,343
2431,432
2432,404
2433,353
2434,404
2435,440
2436,420
2437,323
2438,377
2439,343
2440,364
2441,404
2442,391
2443,432
2444,525
2445,364
2446,321
2447,418
2448,846
2449,459
2450,624
2451,420
2452,495
2453,624
2454,553
2455,575
2456,412
2457,506
2458,778
2459,525
2460,557
2461,495
2462,350
2463,689
2464,377
2465,544
2466,418
2467,800
2468,974
2469,1017
2470,1090
2471,834
2472,350
2473,667
2474,810
2475,339
2476,520
2477,632
2478,404
2479,590
2480,755
2481,475
2482,525
2483,709
2484,475
2485,599
2486,739
2487,718
2488,411
2489,579
2490,443
2491,440
2492,350
2493,432
2494,525
2495,624
2496,364
2497,443
2498,575
2499,723
2500,432
2501,459
2502,450
2503,418
2504,505
2505,432
2506,426
2507,525
2508,507
2509,412
2510,432
2511,364
2512,343
2513,384
2514,599
2515,418
2516,364
2517,689
2518,418
2519,432
2520,377
2521,418
2522,374
2523,475
2524,596
2525,475
2526,374
2527,364
2528,510
2529,418
2530,426
2531,343
2532,404
2533,404
2534,391
2535,459
2536,404
2537,343
2538,404
2539,350
2540,377
2541,810
2542,617
2543,833
2544,531
2545,1421
2546,478
2547,810
2548,744
2549,709
2550,787
2551,440
2552,653
2553,676
2554,377
2555,418
2556,412
2557,653
2558,412
2559,661
2560,369
2561,471
2562,689
2563,453
2564,810
2565,724
2566,338
2567,362
2568,475
2569,404
2570,435
2571,350
2572,391
2573,507
2574,492
2575,440
2576,642
2577,418
2578,426
2579,426
2580,510
2581,492
2582,525
2583,579
2584,343
2585,492
2586,614
2587,612
2588,338
2589,364
2590,338
2591,547
2592,486
2593,338
2594,350
2595,364
2596,377
2597,404
2598,624
2599,418
2600,350
2601,882
2602,466
2603,459
2604,579
2605,377
2606,653
2607,377
2608,544
2609,389
2610,575
2611,506
2612,398
2613,432
2614,350
2615,450
2616,404
2617,338
2618,418
2619,404
2620,418
2621,338
2622,404
2623,810
2624,709
2625,723
2626,744
2627,553
2628,432
2629,681
2630,350
2631,907
2632,371
2633,649
2634,364
2635,525
2636,459
2637,739
2638,445
2639,350
2640,404
2641,323
2642,537
2643,568
2644,398
2645,557
2646,535
2647,553
2648,599
2649,391
2650,689
2651,568
2652,393
2653,475
2654,505
2655,428
2656,418
2657,364
2658,418
2659,412
2660,364
2661,689
2662,326
2663,391
2664,718
2665,323
2666,418
2667,500
2668,544
2669,404
2670,432
2671,426
2672,661
2673,475
2674,592
2675,459
2676,475
2677,404
2678,475
2679,404
2680,718
2681,440
2682,353
2683,510
2684,506
2685,520
2686,404
2687,432
2688,432
2689,681
2690,492
2691,579
2692,443
2693,404
2694,466
2695,468
2696,579
2697,418
2698,432
2699,404
2700,391
2701,440
2702,418
2703,778
2704,428
2705,377
2706,432
2707,364
2708,466
2709,323
2710,350
2711,574
2712,579
2713,599
2714,443
2715,575
2716,656
2717,882
2718,432
2719,377
2720,357
2721,432
2722,296
2723,350
2724,350
2725,599
2726,398
2727,350
2728,350
2729,404
2730,377
2731,353
2732,398
2733,374
2734,381
2735,412
2736,459
2737,398
2738,404
2739,432
2740,459
2741,386
2742,457
2743,350
2744,323
2745,350
2746,323
2747,364
2748,412
2749,236
2750,381
2751,323
2752,262
2753,262
2754,360
2755,1031
2756,412
2757,624
2758,492
2759,617
2760,475
2761,432
2762,350
2763,438
2764,774
2765,332
2766,561
2767,428
2768,432
2769,364
2770,667
2771,443
2772,449
2773,424
2774,596
2775,714
2776,396
2777,475
2778,350
2779,456
2780,404
2781,391
2782,338
2783,492
2784,384
2785,377
2786,440
2787,391
2788,404
2789,338
2790,343
2791,418
2792,456
2793,404
2794,374
2795,386
2796,343
2797,377
2798,350
2799,391
2800,404
2801,338
2802,391
2803,330
2804,262
2805,432
2806,353
2807,500
2808,377
2809,313
2810,404
2811,404
2812,395
2813,486
2814,360
2815,350
2816,333
2817,489
2818,475
2819,617
2820,381
2821,323
2822,236
2823,443
2824,483
2825,459
2826,432
2827,364
2828,739
2829,745
2830,391
2831,268
2832,420
2833,420
2834,404
2835,507
2836,418
2837,459
2838,432
2839,389
2840,475
2841,544
2842,475
2843,398
2844,449
2845,364
2846,432
2847,404
2848,459
2849,435
2850,492
2851,391
2852,435
2853,389
2854,374
2855,389
2856,364
2857,459
2858,561
2859,507
2860,607
2861,428
2862,483
2863,350
2864,338
2865,404
2866,492
2867,362
2868,350
2869,440
2870,404
2871,364
2872,377
2873,364
2874,418
2875,404
2876,404
2877,364
2878,338
2879,440
2880,386
2881,333
2882,418
2883,350
2884,398
2885,374
2886,557
2887,386
2888,362
2889,350
2890,364
2891,432
2892,323
2893,374
2894,353
2895,404
2896,386
2897,308
2898,404
2899,516
2900,426
2901,440
2902,360
2903,393
2904,369
2905,440
2906,426
2907,374
2908,432
2909,343
2910,323
2911,323
2912,323
2913,364
2914,426
2915,377
2916,364
2917,391
2918,275
2919,489
2920,364
2921,313
2922,596
2923,459
2924,420
2925,377
2926,426
2927,296
2928,404
2929,525
2930,507
2931,507
2932,435
2933,398
2934,391
2935,333
2936,364
2937,377
2938,350
2939,386
2940,350
2941,432
2942,412
2943,441
2944,510
2945,329
2946,681
2947,457
2948,364
2949,632
2950,426
2951,592
2952,544
2953,323
2954,377
2955,472
2956,377
2957,457
2958,418
2959,428
2960,459
2961,420
2962,510
2963,426
2964,505
2965,323
2966,418
2967,492
2968,420
2969,350
2970,435
2971,386
2972,377
2973,296
2974,364
2975,268
2976,338
2977,374
2978,475
2979,475
2980,466
2981,391
2982,391
2983,374
2984,389
2985,443
2986,391
2987,396
2988,525
2989,374
2990,426
2991,377
2992,432
2993,350
2994,475
2995,404
2996,374
2997,432
2998,287
2999,440
3000,377
3001,510
3002,398
3003,418
3004,432
3005,350
3006,426
3007,428
3008,268
3009,418
3010,426
3011,443
3012,350
3013,362
3014,374
3015,350
3016,404
3017,338
3018,483
3019,398
3020,326
3021,418
3022,459
3023,483
3024,426
3025,426
3026,443
3027,418
3028,475
3029,350
3030,492
3031,510
3032,525
3033,432
3034,426
3035,393
3036,466
3037,492
3038,350
3039,404
3040,323
3041,377
3042,443
3043,364
3044,362
3045,404
3046,450
3047,466
3048,393
3049,282
3050,404
3051,449
3052,377
3053,443
3054,525
3055,386
3056,268
3057,426
3058,296
3059,386
3060,450
3061,319
3062,510
3063,296
3064,338
3065,386
3066,398
3067,426
3068,432
3069,350
3070,459
3071,457
3072,443
3073,404
3074,418
3075,457
3076,338
3077,418
3078,350
3079,343
3080,338
3081,426
3082,459
3083,323
3084,350
3085,459
3086,391
3087,350
3088,374
3089,350
3090,391
3091,364
3092,492
3093,418
3094,483
3095,377
3096,418
3097,404
3098,466
3099,404
3100,404
3101,404
3102,475
3103,398
3104,404
3105,404
3106,338
3107,391
3108,364
3109,313
3110,404
3111,475
3112,418
3113,377
3114,590
3115,450
3116,350
3117,723
3118,398
3119,590
3120,489
3121,681
3122,664
3123,350
3124,428
3125,412
3126,435
3127,374
3128,432
3129,557
3130,492
3131,374
3132,561
3133,947
3134,778
3135,500
3136,374
3137,631
3138,681
3139,714
3140,774
3141,907
3142,833
3143,718
3144,362
3145,391
3146,391
3147,343
3148,377
3149,357
3150,350
3151,435
3152,391
3153,537
3154,561
3155,681
3156,568
3157,510
3158,579
3159,568
3160,507
3161,432
3162,435
3163,516
3164,540
3165,489
3166,588
3167,534
3168,590
3169,389
3170,466
3171,602
3172,510
3173,505
3174,404
3175,412
3176,362
3177,432
3178,631
3179,418
3180,475
3181,537
3182,614
3183,377
3184,432
3185,667
3186,483
3187,557
3188,391
3189,418
3190,468
3191,453
3192,693
3193,537
3194,450
3195,810
3196,714
3197,676
3198,714
3199,703
3200,412
3201,648
3202,492
3203,590
3204,364
3205,435
3206,443
3207,466
3208,459
3209,404
3210,1017
3211,418
3212,540
3213,391
3214,350
3215,377
3216,386
3217,435
3218,810
3219,391
3220,404
3221,459
3222,426
3223,404
3224,553
3225,542
3226,714
3227,579
3228,709
3229,362
3230,364
3231,466
3232,364
3233,676
3234,435
3235,350
3236,475
3237,561
3238,787
3239,810
3240,377
3241,412
3242,404
3243,435
3244,432
3245,614
3246,418
3247,432
3248,475
3249,491
3250,432
3251,418
3252,418
3253,547
3254,391
3255,404
3256,500
3257,412
3258,557
3259,432
3260,404
3261,492
3262,547
3263,350
3264,432
3265,391
3266,398
3267,426
3268,386
3269,537
3270,516
3271,404
3272,404
3273,432
3274,432
3275,418
3276,449
3277,418
3278,404
3279,432
3280,432
3281,404
3282,377
3283,384
3284,377
3285,450
3286,404
3287,404
3288,398
3289,404
3290,432
3291,432
3292,459
3293,391
3294,377
3295,432
3296,391
3297,343
3298,432
3299,466
3300,412
3301,386
3302,432
3303,579
3304,510
3305,579
3306,718
3307,360
3308,525
3309,475
3310,778
3311,466
3312,449
3313,377
3314,432
3315,492
3316,404
3317,386
3318,579
3319,418
3320,525
3321,483
3322,642
3323,432
3324,362
3325,510
3326,778
3327,745
3328,350
3329,350
3330,350
3331,391
3332,435
3333,374
3334,496
3335,449
3336,507
3337,502
3338,362
3339,338
3340,943
3341,667
3342,822
3343,1114
3344,568
3345,599
3346,527
3347,907
3348,432
3349,449
3350,953
3351,475
3352,412
3353,440
3354,443
3355,496
3356,384
3357,404
3358,453
3359,634
3360,435
3361,527
3362,364
3363,398
3364,459
3365,386
3366,418
3367,404
3368,432
3369,882
3370,377
3371,475
3372,404
3373,418
3374,391
3375,435
3376,523
3377,544
3378,404
3379,432
3380,681
3381,443
3382,391
3383,426
3384,420
3385,475
3386,418
3387,374
3388,432
3389,624
3390,377
3391,648
3392,547
3393,404
3394,468
3395,404
3396,412
3397,588
3398,404
3399,703
3400,435
3401,588
3402,534
3403,391
3404,364
3405,374
3406,384
3407,374
3408,432
3409,432
3410,391
3411,486
3412,500
3413,398
3414,377
3415,404
3416,350
3417,350
3418,404
3419,362
3420,483
3421,443
3422,426
3423,579
3424,377
3425,537
3426,537
3427,412
3428,418
3429,412
3430,374
3431,432
3432,386
3433,386
3434,614
3435,557
3436,391
3437,418
3438,428
3439,739
3440,362
3441,537
3442,557
3443,617
3444,350
3445,472
3446,683
3447,614
3448,495
3449,810
3450,745
3451,391
3452,440
3453,404
3454,404
3455,592
3456,432
3457,612
3458,557
3459,557
3460,333
3461,656
3462,350
3463,404
3464,906
3465,1044
3466,389
3467,443
3468,492
3469,520
3470,689
3471,599
3472,709
3473,676
3474,432
3475,1183
3476,723
3477,882
3478,435
3479,350
3480,590
3481,667
3482,426
3483,432
3484,520
3485,404
3486,1097
3487,599
3488,602
3489,350
3490,492
3491,525
3492,364
3493,714
3494,374
3495,350
3496,374
3497,778
3498,350
3499,440
3500,547
3501,459
3502,614
3503,404
3504,561
3505,475
3506,800
3507,874
3508,681
3509,432
3510,404
3511,440
3512,404
3513,466
3514,537
3515,579
3516,404
3517,495
3518,398
3519,481
3520,453
3521,404
3522,287
3523,405
3524,443
3525,398
3526,326
3527,364
3528,333
3529,302
3530,492
3531,404
3532,398
3533,377
3534,384
3535,404
3536,648
3537,492
3538,412
3539,475
3540,426
3541,287
3542,381
3543,440
3544,350
3545,333
3546,492
3547,426
3548,287
3549,440
3550,466
3551,350
3552,404
3553,364
3554,377
3555,350
3556,456
3557,418
3558,475
3559,357
3560,360
3561,391
3562,475
3563,412
3564,362
3565,377
3566,426
3567,386
3568,412
3569,412
3570,418
3571,714
3572,432
3573,377
3574,391
3575,377
3576,391
3577,395
3578,364
3579,404
3580,350
3581,350
3582,374
3583,404
3584,338
3585,350
3586,350
3587,377
3588,350
3589,350
3590,475
3591,466
3592,752
3593,561
3594,1002
3595,965
3596,760
3597,879
3598,1017
3599,420
3600,364
3601,364
3602,553
3603,739
3604,553
3605,767
3606,404
3607,534
3608,515
3609,537
3610,833
3611,718
3612,428
3613,426
3614,475
3615,450
3616,438
3617,561
3618,443
3619,459
3620,534
3621,846
3622,435
3623,377
3624,579
3625,435
3626,398
3627,326
3628,326
3629,404
3630,426
3631,435
3632,374
3633,506
3634,787
3635,579
3636,418
3637,412
3638,256
3639,398
3640,418
3641,755
3642,440
3643,391
3644,350
3645,377
3646,386
3647,393
3648,492
3649,907
3650,632
3651,653
3652,846
3653,846
3654,420
3655,709
3656,709
3657,377
3658,404
3659,596
3660,343
3661,810
3662,362
3663,718
3664,323
3665,364
3666,440
3667,386
3668,338
3669,432
3670,443
3671,505
3672,520
3673,440
3674,489
3675,338
3676,412
3677,391
3678,459
3679,364
3680,475
3681,350
3682,398
3683,350
3684,338
3685,386
3686,412
3687,412
3688,377
3689,475
3690,810
3691,778
3692,404
3693,374
3694,492
3695,426
3696,510
3697,466
3698,353
3699,393
3700,432
3701,313
3702,420
3703,435
3704,377
3705,527
3706,398
3707,374
3708,426
3709,386
3710,404
3711,308
3712,553
3713,370
3714,432
3715,418
3716,362
3717,384
3718,483
3719,391
3720,364
3721,537
3722,475
3723,537
3724,391
3725,404
3726,432
3727,391
3728,391
3729,456
3730,432
3731,412
3732,412
3733,349
3734,424
3735,557
3736,557
3737,557
3738,377
3739,364
3740,296
3741,466
3742,377
3743,525
3744,404
3745,364
3746,475
3747,377
3748,412
3749,384
3750,391
3751,631
3752,350
3753,412
3754,492
3755,350
3756,557
3757,404
3758,426
3759,709
3760,412
3761,398
3762,510
3763,377
3764,440
3765,377
3766,404
3767,574
3768,377
3769,350
3770,579
3771,486
3772,744
3773,537
3774,557
3775,350
3776,350
3777,525
3778,350
3779,389
3780,457
3781,404
3782,579
3783,475
3784,510
3785,495
3786,596
3787,386
3788,386
3789,374
3790,432
3791,353
3792,381
3793,466
3794,426
3795,432
3796,398
3797,386
3798,350
3799,350
3800,326
3801,398
3802,362
3803,404
3804,369
3805,391
3806,418
3807,525
3808,547
3809,607
3810,516
3811,432
3812,377
3813,495
3814,432
3815,718
3816,404
3817,418
3818,537
3819,377
3820,450
3821,364
3822,590
3823,350
3824,602
3825,622
3826,415
3827,527
3828,607
3829,350
3830,362
3831,457
3832,656
3833,739
3834,404
3835,404
3836,661
3837,525
3838,483
3839,377
3840,404
3841,350
3842,426
3843,440
3844,364
3845,380
3846,369
3847,392
3848,405
3849,357
3850,405
3851,557
3852,362
3853,391
3854,338
3855,380
3856,364
3857,338
3858,393
3859,350
3860,338
3861,367
3862,369
3863,350
3864,537
3865,386
3866,364
3867,350
3868,350
3869,377
3870,326
3871,676
3872,391
3873,475
3874,568
3875,475
3876,393
3877,505
3878,547
3879,391
3880,459
3881,459
3882,683
3883,404
3884,472
3885,648
3886,404
3887,614
3888,364
3889,391
3890,374
3891,557
3892,537
3893,443
3894,449
3895,525
3896,516
3897,745
3898,391
3899,377
3900,510
3901,426
3902,404
3903,450
3904,553
3905,714
3906,456
3907,525
3908,398
3909,412
3910,404
3911,492
3912,492
3913,700
3914,574
3915,364
3916,391
3917,475
3918,450
3919,459
3920,438
3921,333
3922,350
3923,374
3924,393
3925,459
3926,774
3927,560
3928,418
3929,391
3930,391
3931,377
3932,343
3933,377
3934,650
3935,404
3936,404
3937,544
3938,575
3939,500
3940,525
3941,426
3942,537
3943,418
3944,377
3945,369
3946,391
3947,350
3948,432
3949,404
3950,492
3951,404
3952,590
3953,391
3954,432
3955,435
3956,362
3957,540
3958,404
3959,432
3960,313
3961,483
3962,418
3963,534
3964,527
3965,282
3966,362
3967,404
3968,404
3969,450
3970,418
3971,364
3972,496
3973,483
3974,557
3975,466
3976,466
3977,374
3978,483
3979,459
3980,404
3981,350
3982,527
3983,350
3984,500
3985,579
3986,466
3987,483
3988,350
3989,404
3990,432
3991,404
3992,404
3993,377
3994,398
3995,391
3996,515
3997,418
3998,435
3999,404
4000,251
4001,251
4002,251
4003,251
4004,251
4005,251
4006,251
4007,251
4008,251
4009,251
4010,251
4011,251
4012,251
4013,251
4014,251
4015,251
4016,251
4017,251
4018,251
4019,251
4020,251
4021,251
4022,251
4023,251
4024,251
4025,251
4026,251
4027,251
4028,251
4029,251
4030,251
4031,251
4032,251
4033,251
4034,251
4035,251
4036,251
4037,251
4038,251
4039,251
4040,251
4041,251
4042,251
4043,251
4044,251
4045,251
4046,251
4047,251
4048,251
4049,251
4050,251
4051,251
4052,251
4053,251
4054,251
4055,251
4056,251
4057,251
4058,251
4059,251
4060,251
4061,251
4062,251
4063,251
4064,251
4065,251
4066,251
4067,251
4068,251
4069,251
4070,251
4071,251
4072,251
4073,251
4074,251
4075,251
4076,251
4077,251
4078,251
4079,251
4080,251
4081,251
4082,251
4083,251
4084,251
4085,251
4086,251
4087,251
4088,251
4089,251
4090,251
4091,251
4092,251
4093,251
4094,251
4095,251
4096,251
4097,251
4098,251
4099,251
4100,251
4101,251
4102,251
4103,251
4104,251
4105,251
4106,251
4107,251
4108,251
4109,251
4110,251
4111,251
4112,251
4113,251
4114,251
4115,251
4116,251
4117,251
4118,251
4119,251
4120,251
4121,251
4122,251
4123,251
4124,251
4125,251
4126,251
4127,251
4128,251
4129,251
4130,251
4131,251
4132,251
4133,251
4134,251
4135,251
4136,251
4137,251
4138,251
4139,251
4140,251
4141,251
4142,251
4143,251
4144,251
4145,251
4146,251
4147,251
4148,251
4149,251
4150,251
4151,251
4152,251
4153,251
4154,251
4155,251
4156,251
4157,251
4158,251
4159,251
4160,251
4161,251
4162,251
4163,251
4164,251
4165,251
4166,251
4167,251
4168,251
4169,251
4170,251
4171,251
4172,251
4173,251
4174,251
4175,251
4176,251
4177,251
4178,251
4179,251
4180,251
4181,251
4182,251
4183,251
4184,251
4185,251
4186,251
4187,251
4188,251
4189,251
4190,251
4191,251
4192,251
4193,251
4194,251
4195,251
4196,251
4197,251
4198,251
4199,251
4200,251
4201,251
4202,251
4203,251
4204,251
4205,251
4206,251
4207,251
4208,251
4209,251
4210,251
4211,251
4212,251
4213,251
4214,251
4215,251
4216,251
4217,251
4218,251
4219,251
4220,251
4221,251
4222,251
4223,251
4224,251
4225,251
4226,251
4227,251
4228,251
4229,251
4230,251
4231,251
4232,251
4233,251
4234,251
4235,251
4236,251
4237,251
4238,251
4239,251
4240,251
4241,251
4242,251
4243,251
4244,251
4245,251
4246,251
4247,251
4248,251
4249,251
4250,251
4251,251
4252,251
4253,251
4254,251
4255,251
4256,251
4257,251
4258,251
4259,251
4260,251
4261,251
4262,251
4263,251
4264,251
4265,251
4266,251
4267,251
4268,251
4269,251
4270,251
4271,251
4272,251
4273,251
4274,251
4275,251
4276,251
4277,251
4278,251
4279,251
4280,251
4281,251
4282,251
4283,251
4284,251
4285,251
4286,251
4287,251
4288,251
4289,251
4290,251
4291,251
4292,251
4293,251
4294,251
4295,251
4296,251
4297,251
4298,251
4299,251
4300,251
4301,251
4302,251
4303,251
4304,251
4305,251
4306,251
4307,251
4308,251
4309,251
4310,251
4311,251
4312,251
4313,251
4314,251
4315,251
4316,251
4317,251
4318,251
4319,251
4320,251
4321,251
4322,251
4323,251
4324,251
4325,251
4326,251
4327,251
4328,251
4329,251
4330,251
4331,251
4332,251
4333,251
4334,251
4335,251
4336,251
4337,251
4338,251
4339,251
4340,251
4341,251
4342,251
4343,251
4344,251
4345,251
4346,251
4347,251
4348,251
4349,251
4350,251
4351,251
4352,251
4353,251
4354,251
4355,251
4356,251
4357,251
4358,251
4359,251
4360,251
4361,251
4362,251
4363,251
4364,251
4365,251
4366,251
4367,251
4368,251
4369,251
4370,251
4371,251
4372,251
4373,251
4374,251
4375,251
4376,251
4377,251
4378,251
4379,251
4380,251
4381,251
4382,251
4383,251
4384,251
4385,251
4386,251
4387,251
4388,251
4389,251
4390,251
4391,251
4392,251
4393,251
4394,251
4395,251
4396,251
4397,251
4398,251
4399,251
4400,251
4401,251
4402,251
4403,251
4404,251
4405,251
4406,251
4407,251
4408,251
4409,251
4410,251
4411,251
4412,251
4413,251
4414
4415
4416
4417
4418
4419
4420
4421
4422
4423
4424
4425
4426
4427
4428
4429
4430
4431
4432
4433
4434
4435
4436
4437,350
4438,921
4439,649
4440,960
4441,980
4442,683
4443,1200
4444,774
4445,457
4446,1288
4447,650
4448,1149
4449,1274
4450,1481
4451,714
4452,795
4453,983
4454,907
4455,1219
4456,466
4457,1393
4458,833
4459,495
4460,899
4461,507
4462,1046
4463,938
4464,525
4465,1200
4466,907
4467,1274
4468,1031
4469,745
4470,778
4471,671
4472,531
4473,1090
4474,833
4475,1114
4476,1393
4477,965
4478,1274
4479,681
4480,438
4481,650
4482,1127
4483,1568
4484,797
4485,1347
4486,1200
4487,1427
4488,1219
4489,438
4490,847
4491,1149
4492,681
4493,870
4494,535
4495,980
4496,709
4497,1127
4498,681
4499,1274
4500,1031
4501,601
4502,1427
4503,1149
4504,876
4505,774
4506,693
4507,1347
4508,433
4509,833
4510,907
4511,833
4512,980
4513,734
4514,1017
4515,1054
4516,649
4517,1046
4518,797
4519,466
4520,1054
4521,538
4522,1164
4523,1119
4524,882
4525,1347
4526,700
4527,424
4528,800
4529,834
4530,1458
4531,932
4532,818
4533,553
4534,668
4535,703
4536,451
4537,797
4538,466
4539,466
4540,642
4541,492
4542,1219
4543,574
4544,810
4545,778
4546,939
4547,632
4548,667
4549,500
4550,596
4551,597
4552,739
4553,1078
4554,1078
4555,642
4556,1262
4557,676
4558,907
4559,1274
4560,592
4561,1090
4562,734
4563,693
4564,448
4565,554
4566,525
4567,642
4568,681
4569,734
4570,453
4571,980
4572,537
4573,714
4574,531
4575,617
4576,453
4577,624
4578,531
4579,575
4580,507
4581,596
4582,510
4583,561
4584,567
4585,457
4586,410
4587,613
4588,596
4589,531
4590,538
4591,774
4592,778
4593,681
4594,557
4595,833
4596,527
4597,0
4598,0
4599,0
4600,0
4601,0
4602,0
4603,0
4604,0
4605,0
4606,0
4607,0
4608,0
4609,0
4610,0
4611,0
4612,0
4613,0
4614,0
4615,0
4616,0
4617,0
4618,0
4619,0
4620,0
4621,0
4622,0
4623,0
4624,0
4625,0
4626,0
4627,0
4628,0
4629,0
4630,0
4631,0
4632,0
4633,0
4634,0
4635,0
4636,0
4637,0
4638,0
4639,0
4640,0
4641,0
4642,0
4643,0
4644,0
4645,0
4646,0
4647,0
4648,0
4649,0
4650,0
4651,0
4652,0
4653,0
4654,0
4655,0
4656,0
4657,0
4658,0
4659,0
4660,0
4661,0
4662,0
4663,0
4664,0
4665,0
4666,0
4667,0
4668,0
4669,0
4670,0
4671,0
4672,0
4673,0
4674,0
4675,0
4676,0
4677,0
4678,0
4679,0
4680,0
4681,0
4682,0
4683,0
4684,0
4685,0
4686,0
4687,0
4688,0
4689,0
4690,0
4691,0
4692,0
4693,0
4694,0
4695,0
4696,0
4697,0
4698,0
4699,0
4700,0
4701,0
4702,0
4703,0
4704,0
4705,0
4706,0
4707,0
4708,0
4709,0
4710,0
4711,0
4712,0
4713,0
4714,0
4715,0
4716,0
4717,0
4718,0
4719,0
4720,0
4721,0
4722,0
4723,0
4724,0
4725,0
4726,0
4727,0
4728,0
4729,0
4730,0
4731,0
4732,0
4733,0
4734,0
4735,0
4736,0
4737,0
4738,0
4739,0
4740,0
4741,0
4742,0
4743,0
4744,0
4745,0
4746,0
4747,0
4748,0
4749,0
4750,0
4751,0
4752,0
4753,0
4754,0
4755,0
4756,0
4757,0
4758,0
4759,0
4760,0
4761,0
4762,0
4763,0
4764,0
4765,0
4766,0
4767,0
4768,0
4769,0
4770,0
4771,0
4772,0
4773,0
4774,0
4775,0
4776,0
4777,0
4778,0
4779,0
4780,0
4781,0
4782,0
4783,0
4784,0
4785,0
4786,0
4787,0
4788,0
4789,0
4790,0
4791,0
4792,0
4793,0
4794,0
4795,0
4796,0
4797,0
4798,0
4799,0
4800,0
4801,0
4802,0
4803,0
4804,0
4805,0
4806,0
4807,0
4808,0
4809,0
4810,0
4811,0
4812,0
4813,0
4814,0
4815,0
4816,0
4817,0
4818,0
4819,0
4820,0
4821,0
4822,0
4823,0
4824,0
4825,0
4826,0
4827,0
4828,0
4829,0
4830,0
4831,0
4832,0
4833,0
4834,0
4835,0
4836,0
4837,0
4838,0
4839,0
4840,0
4841,0
4842,0
4843,0
4844,0
4845,0
4846,0
4847,0
4848,0
4849,0
4850,0
4851,0
4852,0
4853,0
4854,0
4855,0
4856,0
4857,0
4858,0
4859,0
4860,0
4861,0
4862,0
4863,0
4864,0
4865,0
4866,0
4867,0
4868,0
4869,0
4870,0
4871,0
4872,0
4873,0
4874,0
4875,0
4876,0
4877,0
4878,0
4879,0
4880,0
4881,0
4882,0
4883,0
4884,0
4885,0
4886,0
4887,0
4888,0
4889,0
4890,0
4891,0
4892,0
4893,0
4894,0
4895,0
4896,0
4897,0
4898,0
4899,0
4900,0
4901,0
4902,0
4903,0
4904,0
4905,0
4906,0
4907,0
4908,0
4909,0
4910,0
4911,0
4912,0
4913,0
4914,0
4915,0
4916,0
4917,0
4918,0
4919,0
4920,0
4921,0
4922,0
4923,0
4924,0
4925,0
4926,0
4927,0
4928,0
4929,0
4930,0
4931,0
4932,0
4933,0
4934,0
4935,0
4936,0
4937,0
4938,0
4939,0
4940,0
4941,0
4942,0
4943,0
4944,0
4945,0
4946,0
4947,0
4948,0
4949,0
4950,0
4951,0
4952,0
4953,0
4954,0
4955,0
4956,0
4957,0
4958,0
4959,0
4960,0
4961,0
4962,0
4963,0
4964,0
4965,0
4966,0
4967,0
4968,0
4969,0
4970,0
4971,0
4972,0
4973,0
4974,0
4975,0
4976,0
4977,0
4978,0
4979,0
4980,0
4981,0
4982,0
4983,0
4984,0
4985,0
4986,0
4987,0
4988,0
4989,0
4990,0
4991,0
4992,0
4993,0
4994,0
4995,0
4996,0
4997,0
4998,0
4999,0
32768,0
32769,0
32770,0
32771,0
32772,0
32773,0
32774,0
32775,0
32776,0
32777,0
32778,0
32779,0
32780,0
32781,0
32782,0
32783,0
32784,0
32785,0
32786,0
32787,0
32788,0
32789,0
32790,0
32791,0
32792,0
32793,0
32794,0
32795,0
32796,0
32797,0
32798,0
32799,0
32800,0
32801,0
32802,0
32803,0
32804,0
32805,0
32806,0
32807,0
32808,0
32809,0
32810,0
32811,0
32812,0
32813,0
32814,0
32815,0
32816,0
32817,0
32818,0
32819,0
32820,0
32821,0
32822,0
32823,0
32824,0
32825,0
32826,0
32827,0
32828,0
32829,0
32830,0
32831,0
32832,0
32833,0
32834,0
32835,0
32836,0
32837,0
32838,0
32839,0
32840,0
32841,0
32842,0
32843,0
32844,0
32845,0
32846,0
32847,0
32848,0
32849,0
32850,0
32851,0
32852,0
32853,0
32854,0
32855,0
32856,0
32857,0
32858,0
32859,0
32860,0
32861,0
32862,0
32863,0
32864,0
32865,0
32866,0
32867,0
32868,0
32869,0
32870,0
32871,0
32872,0
32873,0
32874,0
32875,0
32876,0
32877,0
32878,0
32879,0
32880,0
32881,0
32882,0
32883,0
32884,0
32885,0
32886,0
32887,0
32888,0
32889,0
32890,0
32891,0
32892,0
32893,0
32894,0
32895,0
32896,0
32897,0
32898,0
32899,0
32900,0
32901,0
32902,0
32903,0
32904,0
32905,0
32906,0
32907,0
32908,0
32909,0
32910,0
32911,0
32912,0
32913,0
32914,0
32915,0
32916,0
32917,0
32918,0
32919,0
32920,0
32921,0
32922,0
32923,0
32924,0
32925,0
32926,0
32927,0
32928,0
32929,0
32930,0
32931,0
32932,0
32933,0
32934,0
32935,0
32936,0
32937,0
32938,0
32939,0
32940,0
32941,0
32942,0
32943,0
32944,0
32945,0
32946,0
32947,0
32948,0
32949,0
32950,0
32951,0